Subject,Trial,y,h,A,b,C,D,e,F,G,H,i,J,k,l,M,n,O,p,q,r,s,u,W,z,f3,f2,f1
ND,ND,23,50,0.39,-6.56,0.21,0.21,34.51,1.95,0.62,2.03,-4.02,0.1,30.3,-17.84,0.13,85.76,0.05,194.67,0.59,-0.19,-1.04,48.58,0.13,-4.1,1.08,1.91,6.84
ND,ND,21,36,0.3,-7.54,0.15,0.16,41.81,1.78,0.48,1.8,-7.34,0.06,41.15,-28.44,0.13,71.89,0.06,332.45,0.62,-0.18,-1.11,37.05,0.08,-4.97,1.05,2.01,5.64
ND,ND,22,34,0.41,-7.79,0.13,0.16,40.3,1.63,0.59,1.63,13.98,0.06,40.3,-30.68,0.13,70.11,0.06,384.7,0.61,-0.19,-1.14,36.04,0.09,-4.24,1,1.89,5.54
ND,ND,18,30,0.41,-9.58,0.28,0.34,24.1,2.95,0.8,3,23.79,0.15,23.79,-36.05,0.23,42.73,0.1,119.76,0.55,-0.4,-1.86,27.43,0.2,-8.35,0.7,2.33,5.07
ND,ND,16,30,0.37,-12.07,0.28,0.35,22.25,2.59,0.77,2.63,18.33,0.16,20.26,-38.38,0.24,43.87,0.13,122.01,0.59,-0.54,-1.98,27.5,0.2,-8.74,0.63,1.59,4.98
ND,ND,19,31,0.34,-13.25,0.3,0.34,21.88,2.67,0.76,2.73,5.81,0.16,21,-47,0.25,47.75,0.12,115.32,0.68,-0.61,-2.2,28.46,0.23,-10.4,0.61,1.27,4.71
ND,ND,12,13,0.59,-4.46,0.58,0.63,11.55,2.06,1.34,2.19,-1.77,0.3,11.35,-14.39,0.45,26.01,0.14,27.7,0.46,-0.39,-1.28,15.89,0.52,-7.12,0.43,1.96,3.86
ND,ND,13,13,0.41,-6.03,0.48,0.52,11.92,2.53,1.02,2.66,-4.58,0.27,11.18,-16.05,0.35,29.83,0.18,37.06,0.57,-0.51,-1.33,16.98,0.33,-6.72,0.59,1.53,4.92
ND,ND,18,37,0.44,-8.68,0.3,0.49,22.52,3.2,0.96,3.2,19.97,0.22,19.97,-31.03,0.3,47.71,0.11,102.4,0.43,-0.39,-1.93,28.61,0.28,-9.27,0.6,1.75,4.64
ND,ND,13,15,0.51,-3.21,0.48,0.34,19.48,1.79,0.92,2.02,17.63,0.17,15.19,-11.04,0.24,32.94,0.14,47.6,0.45,-0.16,-0.87,18.45,0.18,-4.57,0.59,1.49,3
ND,ND,13,15,0.48,-3.9,0.47,0.36,19.23,2.05,0.93,2.26,-2.58,0.18,18.36,-12.88,0.27,31.24,0.17,49.36,0.46,-0.2,-1.04,18.96,0.16,-5.43,0.55,1.4,4.95
ND,ND,12,11,0.48,-3.61,0.55,0.42,18.34,2.2,1.03,2.45,5.81,0.23,16.32,-12.06,0.31,31.21,0.18,39.59,0.41,-0.2,-1.01,17.06,0.22,-5.9,0.54,1.44,2.79
ND,ND,10,12,0.52,-3.49,0.44,0.33,12.95,1.53,0.91,1.72,-0.47,0.14,10.69,-11.06,0.25,28.41,0.11,37.59,0.64,-0.27,-0.81,15.66,0.23,-3.61,0.68,1.7,4.86
ND,ND,11,15,0.47,-3.29,0.52,0.34,13.41,2.4,0.88,2.67,-2.57,0.16,13.32,-12.24,0.25,33.71,0.12,31.91,0.67,-0.25,-0.9,17.51,0.2,-4.57,0.62,1.64,4.16
ND,ND,20,0,0.41,-4.85,0.4,0.43,15.16,2.73,1.16,2.61,-3.92,0.23,14.36,-14.21,0.52,34.02,0.39,50.22,0.53,-0.32,-1.16,11.77,0.27,-6.04,0.5,1.25,4.2
ND,ND,18,18,0.4,-5.91,0.51,0.47,15.66,1.95,0.96,2.16,3.96,0.26,13.51,-15.26,0.3,36.04,0.16,42.47,0.49,-0.38,-1.23,19.97,0.3,-6.44,0.49,1.35,4.41
ND,ND,20,16,0.52,-4.04,0.57,0.55,13.22,2.11,1.16,2.34,13.2,0.3,12.76,-12.11,0.34,32.62,0.16,30.26,0.47,-0.31,-1.07,18.91,0.35,-5.81,0.47,1.52,4.34
ND,ND,16,34,0.32,-5.36,0.52,0.57,17.14,1.88,0.91,2.15,0.17,0.34,7.33,-11.73,0.26,48.68,0.05,42.98,0.37,-0.31,-0.94,24.83,0.51,-4.73,0.52,1.41,2.75
ND,ND,16,27,0.27,-6.45,0.52,0.5,20.02,2.99,0.82,3.26,-5.98,0.29,10.41,-12.53,0.26,49.42,0.11,50.57,0.35,-0.32,-0.96,22.59,0.4,-4.74,0.57,1.6,3.6
ND,ND,21,25,0.41,-3.59,0.45,0.3,21.35,1.97,0.77,2.22,1.08,0.16,15.05,-9.61,0.2,48.29,0.09,56.02,0.5,-0.17,-0.82,24.75,0.2,-4.25,0.61,1.33,2.86
ND,ND,22,25,0.38,-4.03,0.38,0.38,16.78,2.28,0.8,2.44,13.75,0.19,11.98,-10.4,0.23,37.88,0.11,54.35,0.51,-0.24,-0.89,22.84,0.2,-4.55,0.59,1.44,3.99
ND,ND,22,28,0.38,-5.3,0.34,0.32,17.17,2.83,0.75,2.95,16.9,0.15,15.29,-16.49,0.22,47.21,0.09,65.38,0.67,-0.31,-1.12,25.74,0.2,-5.42,0.61,1.37,4.68
ND,ND,10,14,2.45,-2.91,0.41,0.45,10.94,1.97,2.96,2.09,10.78,0.22,10.78,-11.5,0.3,30.58,0.13,33.45,0.63,-0.27,-0.95,16.88,0.29,-1.64,0.6,1.74,6.35
ND,ND,10,12,0.52,-3.1,0.37,0.37,14.89,2.04,0.96,2.13,-1.82,0.17,8.61,-9.27,0.27,28.37,0.14,48.99,0.49,-0.21,-0.74,15.16,0.26,-3.48,0.6,1.83,5.47
ND,ND,10,14,0.41,-3.6,0.66,0.48,11.25,2.28,0.95,2.63,-1.9,0.23,8.44,-9.03,0.31,27.8,0.13,22.63,0.53,-0.32,-0.82,15.87,0.3,-4.59,0.58,1.75,5.24
ND,ND,28,38,0.59,-6.16,0.45,0.5,17.28,2.27,1.15,2.41,5.23,0.24,17.2,-21.37,0.31,48.59,0.08,51.73,0.54,-0.36,-1.64,29.18,0.41,-7.18,0.49,2.24,5.41
ND,ND,26,42,0.51,-6.28,0.43,0.48,19.26,2.16,1.02,2.29,-5.91,0.2,19.26,-26.42,0.3,50.17,0.11,59.44,0.52,-0.33,-1.73,30.2,0.3,-8.27,0.5,2.37,5.61
ND,ND,26,40,0.5,-6.66,0.39,0.48,17.77,2.51,1.02,2.59,6.24,0.21,17.51,-24.14,0.31,49.28,0.07,62.53,0.55,-0.37,-1.64,29.39,0.35,-7.81,0.49,2.25,5.66
ND,ND,22,31,0.47,-5.72,0.44,0.42,15.95,3.26,0.96,3.41,-0.72,0.21,15.53,-17.12,0.28,47.47,0.13,49.53,0.59,-0.36,-1.3,26.16,0.29,-6.27,0.59,1.48,4.44
ND,ND,20,28,0.44,-4.63,0.4,0.38,20.66,2.23,0.86,2.38,5.58,0.17,15.05,-14.03,0.25,41.67,0.12,63.47,0.47,-0.22,-1.07,25.19,0.22,-5.59,0.58,1.47,4.73
ND,ND,19,30,0.53,-3.95,0.44,0.4,15.37,2.35,0.97,2.52,-3.63,0.17,15.19,-13.71,0.27,39.25,0.11,44.16,0.61,-0.26,-1.09,25.41,0.23,-5.28,0.58,1.96,4.1
ND,ND,27,38,0.45,-8.43,0.38,0.51,20.54,2.88,0.99,2.95,17.81,0.25,20.13,-23.08,0.3,46.5,0.13,77.23,0.46,-0.41,-1.77,29.65,0.38,-8.65,0.5,1.88,4.55
ND,ND,29,38,0.45,-10.23,0.31,0.41,23.6,2.91,0.94,2.93,5.64,0.2,23.32,-29.72,0.29,52.84,0.12,108.25,0.53,-0.43,-2.02,31.82,0.32,-9.01,0.54,2.02,4.79
ND,ND,25,43,0.43,-9.5,0.38,0.42,23.07,2.19,0.9,2.29,1.26,0.2,22.05,-32.25,0.27,53.63,0.13,86.85,0.53,-0.41,-2.04,33.8,0.25,-9.52,0.5,1.29,4.36
ND,ND,25,38,0.36,-10.5,0.42,0.53,20.64,2.55,0.92,2.67,-4.33,0.26,20.6,-22.32,0.3,40.99,0.09,73.82,0.42,-0.51,-1.71,29.2,0.38,-9.27,0.52,1.76,5.12
ND,ND,21,18,0.49,-6.06,0.54,0.51,13.88,2.3,1.09,2.5,-3.24,0.26,13.88,-20.17,0.34,30.17,0.17,37,0.53,-0.44,-1.53,19.08,0.31,-8.34,0.47,1.69,5.94
ND,ND,26,33,0.34,-10.22,0.38,0.42,21.54,2.13,0.79,2.23,3.29,0.18,21.54,-31.83,0.27,37.53,0.14,84.69,0.5,-0.47,-1.85,27.75,0.22,-10.31,0.58,2.3,4.99
ND,ND,24,45,0.36,-11.06,0.39,0.5,15.68,2.52,0.88,2.62,1.44,0.22,15.5,-33.31,0.3,49.89,0.08,68.44,0.65,-0.71,-2.04,30.68,0.36,-10.21,0.53,2.13,5.37
ND,ND,24,39,0.37,-8.29,0.38,0.43,16.36,2.26,0.82,2.39,16.16,0.2,15.99,-23.37,0.25,50.19,0.08,64.41,0.64,-0.51,-1.59,29.61,0.3,-8.1,0.56,1.94,4.52
ND,ND,23,44,0.38,-9.72,0.38,0.47,17.95,2.55,0.87,2.66,17.58,0.22,17.59,-26.09,0.27,50.24,0.08,72.29,0.58,-0.54,-1.77,32.43,0.31,-9.04,0.59,3.29,6.11
ND,ND,22,35,0.58,-4.8,0.57,0.59,13.85,2.58,1.21,2.79,-0.6,0.27,13.16,-15.91,0.36,43.07,0.09,32.71,0.51,-0.35,-1.27,25.98,0.38,-7.08,0.49,1.5,5.72
ND,ND,24,37,0.59,-3.5,0.62,0.51,18.87,2.31,1.14,2.59,-2.99,0.22,18.24,-20.37,0.34,40.13,0.08,36.25,0.46,-0.19,-1.46,27.82,0.42,-7.63,0.44,1.54,4.24
ND,ND,21,39,0.56,-5.65,0.52,0.58,15.94,2.23,1.18,2.41,15.9,0.29,15.94,-17.24,0.33,51.48,0.13,41.88,0.48,-0.35,-1.48,28.73,0.38,-7.73,0.45,1.57,4.92
ND,ND,27,47,0.51,-5.31,0.62,0.51,17.74,4.6,1.05,4.96,13.5,0.28,12.11,-15.99,0.26,60.55,0.09,37.34,0.5,-0.3,-1.36,32.25,0.35,-6.73,0.58,4.6,8
ND,ND,28,40,0.52,-6.56,0.43,0.45,17.71,4.34,0.97,4.48,-6.51,0.16,16.2,-27.42,0.29,60.21,0.11,56.5,0.57,-0.37,-1.61,30.88,0.26,-7.53,0.55,4.36,7.2
ND,ND,28,42,0.45,-7.61,0.35,0.38,20.49,3.88,0.85,4.02,-4.68,0.19,20.02,-27.93,0.22,67.08,0.05,79.92,0.63,-0.37,-1.82,32.69,0.26,-8.62,0.51,3.45,9.03
ND,ND,29,32,0.45,-8.45,0.31,0.44,20.6,5.16,0.9,5.2,18.58,0.17,20.28,-38.27,0.28,47.01,0.13,92.96,0.52,-0.41,-2.07,27.89,0.26,-9.6,0.52,4.29,8.62
ND,ND,29,27,0.4,-8.86,0.36,0.37,19.31,3.48,0.87,3.55,-8.54,0.18,19.2,-38.15,0.29,55.56,0.13,78.38,0.69,-0.46,-2.04,25.33,0.27,-9.75,0.57,3.87,8.31
ND,ND,33,49,0.28,-12.44,0.36,0.38,24.79,5.71,0.69,5.85,-11.04,0.19,24.21,-44.91,0.22,62.5,0.08,103.6,0.6,-0.5,-2.25,37.52,0.24,-13.4,0.62,4.42,9.87
ND,ND,32,9,0.34,-12.85,0.5,0.32,17.91,7.48,0.69,7.85,-8.43,0.22,16.63,-36.9,0.13,26.41,0.05,61.51,0.67,-0.72,-2.28,13.71,0.18,-13.18,0.5,1.42,5.44
ND,ND,32,23,0.27,-12.45,0.38,0.37,18.74,7.52,0.69,7.68,10.96,0.2,18.74,-35.73,0.23,43.9,0.1,81.47,0.66,-0.66,-2.09,23.01,0.27,-12.59,0.55,3.41,5.96
ND,ND,32,1,0.27,-13.4,0.5,0.34,10.26,7.21,0.69,7.62,9.88,0.33,8.03,-36.6,0.05,2.31,0.59,47.32,0.7,-1.31,-2.3,-0.07,0.07,-12.62,0.26,1.4,5.03
ND,ND,32,25,0.25,-11.34,0.47,0.38,18.28,7.78,0.66,8.06,10.42,0.22,14.78,-28.27,0.19,45.53,0.08,63.17,0.62,-0.62,-1.87,24.26,0.22,-11.26,0.4,1.86,5.59
ND,ND,33,55,0.45,-10.36,0.44,0.47,16.29,2.43,0.93,2.6,-5.86,0.22,16.29,-18.85,0.27,62.9,0.04,60.9,0.64,-0.64,-1.5,36.12,0.41,-8.22,0.33,1.48,3.32
ND,ND,33,52,0.35,-11.92,0.38,0.51,15.91,4.2,0.88,4.33,12.63,0.27,15.34,-24.01,0.26,64.97,0.04,72.7,0.62,-0.75,-1.75,34.65,0.34,-9.61,0.54,2,4.71
ND,ND,30,33,0.32,-12.39,0.4,0.43,17.48,4.84,0.77,5.02,14.09,0.23,16.91,-32.33,0.22,46.67,0.03,74.98,0.63,-0.71,-2.05,27.01,0.28,-11.68,0.56,3.09,7.59
ND,ND,34,35,0.48,-13.96,0.38,0.42,18.21,3.16,0.93,3.3,18.09,0.2,17.33,-38.87,0.24,50.18,0.05,84.04,0.65,-0.77,-2.24,27.36,0.31,-11.49,0.45,1.92,3.79
ND,ND,34,36,0.33,-13.39,0.38,0.46,18.61,5.67,0.81,5.81,-1.53,0.24,17.78,-34.16,0.24,50.91,0.11,83.59,0.59,-0.72,-2.26,28.67,0.27,-12.32,0.44,1.61,4.48
ND,ND,35,2,0.48,-16.45,0.36,0.25,37.3,6.1,0.74,6.44,25.65,0.23,28.91,-73.61,0.02,16.47,0.39,149.56,0.47,-0.44,-3.74,1.06,0.18,-17.87,0.62,4.6,9.05
ND,ND,34,2,0.41,-14.7,0.38,0.27,23.81,5.07,0.73,5.36,3,0.23,21.55,-71.8,0.09,12.55,0.05,102.67,0.63,-0.62,-3.24,4.57,0.2,-16.01,0.67,3.35,9.55
ND,ND,35,30,0.4,-16.07,0.37,0.26,44.06,4.36,0.66,4.65,-12.98,0.19,41.99,-88.46,0.08,72.5,0.03,163.76,0.52,-0.36,-3.27,39.34,0.16,-17.05,0.66,3.26,6.66
ND,ND,35,0,0.44,-18.06,0.34,0.28,28.81,6.26,0.75,6.55,28.81,0.26,11.15,-141.09,0.05,14.12,0.53,136.35,0.56,-0.63,-4.2,1.34,0.14,-21.75,0.68,4.4,12.55
ND,ND,29,53,0.38,-10.81,0.27,0.3,30.03,4.41,0.71,4.48,29.32,0.13,25.56,-47.03,0.2,69.05,0.12,153.75,0.63,-0.36,-2.09,42.89,0.16,-9.03,0.64,1.71,4.24
ND,ND,29,53,0.38,-10.53,0.33,0.33,24.74,4.2,0.73,4.34,7.83,0.16,23.18,-39.65,0.2,69.09,0.09,107.51,0.68,-0.43,-2.12,42.22,0.2,-9.86,0.64,3.41,10.59
ND,ND,31,66,0.4,-10.13,0.34,0.32,28.06,3.83,0.73,3.98,25.29,0.16,23.87,-46.55,0.18,86.21,0.08,113.69,0.67,-0.36,-2.25,50.18,0.2,-10.4,0.63,2.89,4.34
ND,ND,30,55,0.43,-9.15,0.29,0.29,27.65,3.65,0.73,3.77,26.83,0.14,25.78,-42.07,0.16,81.52,0.05,127.28,0.69,-0.33,-2.04,45.44,0.2,-8.97,0.68,2.93,4.47
ND,ND,33,37,0.39,-12.06,0.26,0.27,32.91,4.14,0.66,4.27,27.37,0.15,30.83,-65.94,0.13,63.33,0.05,174.4,0.62,-0.37,-2.61,38.41,0.15,-12.68,0.67,3.74,5.47
ND,ND,21,23,0.36,-9.27,0.27,0.26,23.63,5.77,0.68,5.86,-0.28,0.13,21.2,-38.38,0.19,54.36,0.09,120.33,0.72,-0.39,-1.8,25.16,0.18,-9.2,0.27,1.06,4.22
ND,ND,22,42,0.39,-8.39,0.27,0.28,26.89,5.24,0.71,5.34,25.79,0.14,23.94,-36.17,0.18,75.96,0.08,129.04,0.65,-0.31,-1.81,37.04,0.17,-8.37,0.41,1.15,5.27
ND,ND,21,30,0.36,-9.53,0.27,0.3,21.92,5.02,0.69,5.09,-5.71,0.13,21.1,-37.1,0.2,44.47,0.09,118.39,0.66,-0.43,-1.82,27.62,0.18,-8.6,0.26,1.03,3.01
ND,ND,20,29,0.38,-6.37,0.48,0.42,17.39,5.13,0.83,5.39,14.35,0.22,9.5,-19.18,0.23,48.63,0.07,49.06,0.53,-0.37,-1.37,23.35,0.31,-6.72,0.48,1.61,5.34
ND,ND,21,27,0.45,-8.85,0.27,0.3,22.85,4.91,0.78,4.99,-3.49,0.14,22.61,-36.14,0.19,42.84,0.1,119.32,0.64,-0.39,-1.86,26.92,0.16,-7.85,0.47,1.26,4.84
ND,ND,28,4,0.42,-13.09,0.34,0.27,25.56,4.62,0.73,4.84,-1.44,0.19,23.22,-55.68,0.12,16.41,0.08,112.43,0.56,-0.51,-2.64,8.33,0.11,-14.13,0.61,4.14,6.96
ND,ND,31,14,0.33,-13.2,0.45,0.36,22.72,5.04,0.8,5.26,11.09,0.23,15.53,-43.87,0.23,49.17,0.13,79.26,0.56,-0.58,-2.47,17.88,0.21,-12.9,0.58,3.19,7.51
ND,ND,29,20,0.34,-12.39,0.36,0.36,22.85,4.72,0.73,4.94,0.25,0.24,22.55,-48.26,0.14,39.72,0.05,98.05,0.56,-0.54,-2.43,22.88,0.21,-13.25,0.57,3.69,6.21
ND,ND,30,26,0.31,-12.72,0.35,0.3,29.99,4.43,0.63,4.66,13.69,0.2,25.46,-34.91,0.12,55.83,0.05,121.48,0.51,-0.42,-2.13,30.07,0.13,-11.57,0.43,3.15,7.18
ND,ND,29,27,0.43,-12.68,0.36,0.35,31.98,4.96,0.78,5.2,1.7,0.23,15.85,-64.1,0.13,53.77,0.02,124.26,0.45,-0.4,-2.63,28.22,0.16,-14.41,0.63,4.16,7.71
ND,ND,33,31,0.36,-14.1,0.28,0.4,17.96,4.76,0.77,4.82,-10.54,0.2,17.31,-52.02,0.22,42.13,0.06,113.97,0.72,-0.78,-2.55,27.01,0.31,-12.22,0.61,3.42,9.86
ND,ND,34,3,0.46,-11.93,0.28,0.35,21.58,5.75,0.84,5.88,10.59,0.22,11.54,-61.99,0.16,10.39,0.03,119.16,0.51,-0.55,-3,6.62,0.3,-13.8,0.54,2.86,5.03
ND,ND,32,36,0.39,-10.05,0.33,0.38,23.81,5.05,0.84,5.1,21.49,0.18,23.81,-40.34,0.27,52.87,0.15,103.18,0.57,-0.42,-2.12,30.57,0.22,-10.29,0.39,1.24,4.85
ND,ND,33,3,0.41,-13.05,0.33,0.34,21.34,4.9,0.81,5.03,20.63,0.21,13.51,-65.01,0.2,14.28,0.1,104.79,0.57,-0.61,-3,8.31,0.21,-14.68,0.58,2.26,4.52
ND,ND,35,19,0.39,-12.33,0.36,0.36,24.58,4.78,0.77,4.98,-10.48,0.21,20.42,-52.76,0.16,30.55,0.07,102.7,0.53,-0.5,-2.67,21.16,0.2,-13.66,0.55,2.57,4.94
ND,ND,17,22,0.33,-10.27,0.31,0.34,20.42,5.22,0.73,5.29,12.99,0.16,20.21,-27.53,0.24,38.49,0.15,98.21,0.6,-0.5,-1.74,22.82,0.19,-8.68,0.59,1.31,3.32
ND,ND,18,14,0.41,-9.38,0.38,0.48,18.17,4.44,0.91,4.52,-2.05,0.2,17.08,-27.57,0.3,28.84,0.22,73.47,0.41,-0.52,-1.84,16.59,0.14,-10.11,0.68,4.48,7.69
ND,ND,14,17,0.31,-8.93,0.24,0.3,21.73,4.84,0.66,4.86,10.05,0.13,16.5,-37.56,0.22,32.38,0.11,126.61,0.6,-0.41,-1.7,19.45,0.17,-8.42,0.65,1.58,5.79
ND,ND,15,8,0.33,-9.24,0.35,0.4,19.03,5.7,0.77,5.8,-6.39,0.2,16.95,-25.29,0.25,27.69,0.17,80.39,0.43,-0.49,-1.7,14.04,0.2,-9.08,0.56,1.33,4.53
ND,ND,13,12,0.39,-9.15,0.42,0.34,25.81,4.54,0.85,4.72,7.96,0.22,25.81,-25.61,0.24,32.88,0.15,82.89,0.42,-0.35,-1.71,18.12,0.23,-8.48,0.61,1.75,4.35
ND,ND,17,22,0.34,-8.21,0.39,0.45,16.27,4.84,0.87,4.96,7.73,0.25,15.49,-23.33,0.27,42.46,0.13,62.68,0.55,-0.5,-1.57,22.05,0.38,-7.11,0.59,4.76,7.74
ND,ND,18,19,0.33,-10.74,0.38,0.38,19.39,4.8,0.81,4.88,-5.97,0.19,18.79,-24.56,0.3,56.37,0.13,78.7,0.58,-0.55,-1.61,20.99,0.27,-9,0.58,3.46,6.58
ND,ND,16,33,0.35,-8.75,0.48,0.45,15.39,5.2,0.82,5.43,5.22,0.23,11.7,-20.57,0.24,46.66,0.05,50.65,0.6,-0.57,-1.56,24.91,0.38,-8.39,0.52,2.79,5.15
ND,ND,17,25,0.38,-9.75,0.4,0.38,17.87,6.33,0.83,6.46,-1.81,0.18,16.77,-27.39,0.27,45.83,0.12,69.34,0.63,-0.55,-1.61,24.62,0.27,-7.56,0.65,6.69,12.41
ND,ND,18,23,0.37,-9.37,0.35,0.41,18.95,4.69,0.84,4.76,11.25,0.2,18.53,-21.05,0.28,37.66,0.17,80.54,0.51,-0.49,-1.51,23.06,0.18,-7.29,0.54,3.48,7.12
ND,ND,21,22,0.36,-7.18,0.39,0.38,20.83,5.41,0.81,5.55,7.81,0.2,20.52,-25.55,0.25,36.41,0.17,71.69,0.5,-0.34,-1.58,22.87,0.18,-8.37,0.53,2.66,4.67
ND,ND,21,21,0.35,-7.34,0.38,0.37,19.92,3.1,0.81,3.22,19.32,0.2,18.21,-23.71,0.26,41.41,0.11,72.67,0.54,-0.37,-1.55,21.83,0.23,-8.22,0.57,1.83,4.04
ND,ND,21,30,0.32,-6.88,0.45,0.45,19.94,5.17,0.78,5.39,0.34,0.23,16.76,-19.15,0.23,46.43,0.13,59.17,0.43,-0.34,-1.34,27.21,0.19,-7.41,0.54,3.4,7.86
ND,ND,22,23,0.38,-8.47,0.28,0.36,18.3,4.8,0.76,4.86,-0.54,0.16,18.13,-22.64,0.23,36.71,0.03,95.21,0.56,-0.46,-1.42,22.06,0.32,-7.41,0.52,3.94,6.95
ND,ND,21,28,0.38,-5.96,0.37,0.41,18.29,5.71,0.83,5.83,-2.11,0.2,18.29,-16.83,0.25,42.69,0.12,66.06,0.49,-0.33,-1.23,24.68,0.22,-6.62,0.46,3.59,6.21
ND,ND,39,8,0.3,-15.4,0.23,0.18,46.3,4.52,0.48,4.7,-0.37,0.13,40.58,-91.38,0.06,24.54,0.03,263.25,0.48,-0.33,-2.6,13,0.07,-14.05,0.3,1.85,5.15
ND,ND,40,27,0.34,-13.66,0.25,0.16,52.14,4.73,0.52,4.91,-11.88,0.11,51.69,-56.22,0.07,68.17,0.02,263.2,0.56,-0.26,-2.25,35.89,0.13,-10.96,0.63,2.25,7.79
ND,ND,40,5,0.31,-15.63,0.25,0.18,54.47,4.28,0.5,4.48,-8.37,0.14,27.86,-91.29,0.05,17.54,0.01,280.39,0.36,-0.29,-2.36,11.91,0.07,-13.32,0.38,2.09,5.99
ND,ND,39,44,0.3,-15.56,0.2,0.16,61,4.31,0.45,4.45,10.33,0.09,61,-59.14,0.06,94.74,0.03,376.9,0.55,-0.26,-2.12,58.5,0.06,-11.19,0.41,1.8,5.08
ND,ND,41,41,0.29,-18,0.23,0.16,62.34,3.92,0.45,4.09,-7.97,0.1,60.6,-86.1,0.06,102.4,0.02,342.8,0.57,-0.29,-2.53,53.65,0.08,-14.04,0.71,1.83,3.99
ND,ND,21,0,0.36,-19.88,0.53,0.34,14.88,5.01,0.71,5.49,-6.37,0.3,11.1,-51.66,0.05,16.59,0.48,65.43,0.69,-1.34,-3.06,2.2,0.05,-16.42,0.54,2.36,4.37
ND,ND,22,5,0.41,-17.11,0.55,0.35,14.14,5.32,0.77,5.78,-1.5,0.27,12.87,-47.91,0.09,17.91,0.02,57.13,0.77,-1.21,-2.71,9.36,0.23,-13.67,0.49,4.41,7.73
ND,ND,21,11,0.41,-17.8,0.37,0.44,18.09,6.52,0.89,6.68,-7.73,0.27,4.65,-49.28,0.2,25.41,0.05,97.76,0.56,-0.98,-2.68,13.46,0.3,-13.55,0.46,1.62,4.75
ND,ND,20,3,0.42,-15.26,0.59,0.4,22.76,5.55,0.85,6.05,15.47,0.34,22.75,-48.8,0.09,15.14,0.05,64.89,0.42,-0.67,-2.81,7.81,0.26,-14.09,0.42,2.59,5.72
ND,ND,15,20,0.33,-9.45,0.27,0.28,24.74,4.85,0.63,4.97,-2.87,0.15,22.53,-32.13,0.16,36.55,0.05,125.06,0.56,-0.38,-1.75,22.32,0.16,-9.31,0.7,1.52,3.87
ND,ND,16,6,0.34,-9,0.24,0.27,19.12,4.85,0.8,4.77,17.78,0.14,17.32,-25.98,0.32,25.2,0.23,116.12,0.62,-0.47,-1.53,12.61,0.2,-8.01,0.66,2.28,5.14
ND,ND,13,0,0.31,-8.26,0.37,0.46,20.47,4.64,0.95,4.52,16.67,0.15,20.47,-31.07,0.48,23.79,0.41,78.24,0.27,-0.4,-1.59,8.82,0.14,-8.89,0.7,1.6,5.74
ND,ND,17,11,0.28,-10.84,0.28,0.24,25.6,4.41,0.55,4.56,-6.51,0.14,22.31,-37.15,0.13,25.04,0.07,129.58,0.56,-0.42,-1.87,15.52,0.12,-10.2,0.92,2.58,5.68
ND,ND,16,5,0.3,-11.06,0.25,0.22,20.51,4.12,0.55,4.26,-4.27,0.13,15.01,-38.93,0.11,16.3,0.04,126.27,0.67,-0.54,-1.87,9.46,0.15,-9.27,0.89,2.23,9.03
ND,ND,26,30,0.5,-6.68,0.3,0.31,25.82,6.36,0.85,6.46,-0.1,0.15,25.57,-31.42,0.2,48.82,0.12,106.67,0.54,-0.26,-1.72,29.37,0.17,-7.61,0.69,3.04,5.73
ND,ND,26,22,0.38,-9.17,0.33,0.32,25.05,4.38,0.78,4.46,25,0.16,25,-37.23,0.24,46.95,0.16,104.27,0.56,-0.37,-1.85,24.8,0.15,-9.04,0.25,1.14,4.74
ND,ND,27,19,0.38,-10.79,0.33,0.32,24.07,5.27,0.72,5.44,-2.14,0.18,23.57,-31.73,0.16,37.55,0.05,106.25,0.51,-0.45,-1.84,20.51,0.23,-9.21,0.79,4.59,15.53
ND,ND,29,5,0.41,-12.52,0.3,0.3,24.63,5.23,0.73,5.35,13.03,0.14,13.9,-49.86,0.18,15.96,0.1,125.14,0.44,-0.51,-2.21,9.34,0.16,-11.31,0.69,2.24,5.3
ND,ND,27,10,0.34,-12.27,0.34,0.34,22.67,5.58,0.77,5.68,-6,0.19,20.7,-36.56,0.23,31.11,0.13,104.01,0.51,-0.54,-1.93,15.94,0.19,-10.2,0.69,3.57,6.4
ND,ND,27,19,0.46875,-3.74900610796354,0.7890625,0.59375,12.5448916866642,5.2578125,1.125,5.75,5.29739151730345,0.359375,7.56538867383021,-10.9010439640408,0.296875,33.4735300414901,0.1015625,20.6496922545777,0.426271886315502,-0.298847228146969,-0.984864202811069,17.9713773770329,0.4375,-5.99463294088175,0.503341157818464,1.27934372113308,4.00691532896881
ND,ND,27,21,0.65625,-2.45654884331631,0.8828125,0.5234375,13.4696418399307,4.96875,1.296875,5.484375,12.8589602721734,0.2734375,9.93920929475218,-12.0718863804922,0.3671875,48.4890318983332,0.171875,18.0402867916426,0.532044294141811,-0.182376701066682,-1.06495842128666,20.8968339627307,0.421875,-5.77352247643869,0.518185177680591,1.34891176116313,4.12892808847347
ND,ND,20,34,0.3203125,-10.4387812476849,0.4453125,0.5234375,16.9979398026443,4.25,0.8671875,4.3671875,-5.99862258477182,0.21875,15.4403679622177,-26.3769703533599,0.328125,41.29161805806,0.21875,61.612285867406,0.493230065291075,-0.614120379815734,-1.69666476243798,27.533354886222,0.2734375,-8.36526645632662,0.563776955308262,2.15584141315455,4.68044494695411
ND,ND,20,40,0.3515625,-9.5278071753427,0.40625,0.484375,15.8537616389224,4.78125,0.84375,4.9296875,2.5021454195916,0.234375,15.5143125637631,-22.2935774201143,0.2578125,49.0279958937655,0.09375,62.4777078504986,0.583766269978053,-0.600980851885089,-1.60209819200763,29.3224010382935,0.3515625,-8.04629599756109,0.586035237236808,1.67610182122061,5.70766765993599
ND,ND,22,29,0.328125,-9.78968166438127,0.390625,0.40625,16.7835178784375,4.546875,0.796875,4.65625,-8.71087851394305,0.1875,15.5809676197586,-25.379208963803,0.28125,52.3190505592563,0.09375,68.0273908296161,0.65567936786353,-0.583291401438459,-1.68174754348318,24.6948731006802,0.28125,-8.90043835700164,0.559079384590342,1.92563367395472,4.98507618134343
ND,ND,28,51,0.421875,-8.48825696827831,0.3984375,0.421875,18.2072601728936,4.7265625,0.8671875,4.8828125,13.4149071270265,0.203125,16.8235919914386,-24.7877849391898,0.2421875,62.2464557028856,0.0703125,67.0005136092159,0.642657618401569,-0.466201772681611,-1.68851522055206,36.3572868253103,0.28125,-7.91308344627832,0.62083232521438,2.4064416074537,5.72007599194694
ND,ND,29,49,0.484375,-6.70173400661673,0.421875,0.453125,18.2114673467731,4.5078125,0.953125,4.65625,-6.54981505309615,0.1953125,17.9766258070979,-25.3274627807279,0.2734375,51.7752315702937,0.1484375,59.0535143191462,0.591798647069707,-0.367995278963847,-1.67865202904249,34.5615684528897,0.2421875,-8.34257666456268,0.721061511555644,3.79275737494217,15.9114458901622
ND,ND,29,53,2.25,-6.65829304400337,0.3828125,0.4296875,19.96568180051,2.8515625,2.6953125,2.9765625,-1.56990850422006,0.1875,19.96568180051,-27.5830035727087,0.2578125,57.9778695693097,0.140625,69.5483424509736,0.594087569630774,-0.333486885673661,-1.73294180493705,37.7574251159469,0.21875,-2.27509133712843,0.647170134962927,3.14151299750734,10.0556253889603
ND,ND,30,45,0.40625,-7.86356164025714,0.4296875,0.4140625,21.0615389493778,4.2421875,0.8359375,4.421875,20.9110693573721,0.1796875,20.6108060721173,-35.8824918474727,0.25,59.9924346648174,0.046875,67.3165977358776,0.588366658441318,-0.373361208749157,-2.00423474015405,34.9157618747017,0.3125,-9.96859222831282,0.703751943985238,3.30100272845303,9.63089122874495
ND,ND,32,45,0.40625,-7.86356164025714,0.4296875,0.4140625,21.0615389493778,4.2421875,0.8359375,4.421875,20.9110693573721,0.1796875,20.6108060721173,-35.8824918474727,0.25,59.9924346648174,0.046875,67.3165977358776,0.588366658441318,-0.373361208749157,-2.00423474015405,34.9157618747017,0.3125,-9.96859222831282,0.703751943985238,3.30100272845303,9.63089122874495
ND,ND,31,55,0.4296875,-8.69684798455117,0.2109375,0.3828125,20.4657249696406,5.046875,0.828125,5,2.83092035324196,0.140625,18.3155459807838,-38.9807855985175,0.2578125,62.8163509428162,0.0234375,138.252197708761,0.689045728460352,-0.424946978299195,-1.98263366492665,37.7168651313803,0.3359375,-8.72743130315768,0.703212724511718,3.56494003857743,10.3213277878484
ND,ND,32,44,0.3671875,-10.1109867167898,0.3984375,0.4140625,19.2545278858217,4.859375,0.828125,4.9921875,-8.11548550011722,0.1953125,16.6818648774222,-36.6221503017399,0.265625,66.5003811786038,0.109375,73.7016837085153,0.661167477858388,-0.525122546589946,-2.0973713701387,33.3367076800879,0.2890625,-10.1911383778271,0.6399731703697,2.93283848253756,4.32642014724423
ND,ND,31,49,0.3984375,-11.294874361231,0.3046875,0.40625,18.7904475005179,4.8203125,0.8515625,4.8515625,-5.5342165046929,0.1796875,18.7904475005179,-45.4908328184201,0.2734375,58.5486715580116,0.1171875,98.7415691872786,0.726519047384201,-0.601096613634118,-2.28251149707755,34.7734407992453,0.265625,-10.4221885865331,0.683636763949228,3.13955609778502,10.2984839513986
ND,ND,38,39,0.3984375,-7.7490723248388,0.4296875,0.4140625,19.9900816924784,5.5078125,0.8359375,5.7265625,-1.76419360721632,0.2265625,11.8257117773291,-29.2443112041151,0.2109375,60.5875689774371,0.078125,64.55657662212,0.557841878154447,-0.387645855782296,-1.74700826341306,30.9941650287614,0.2734375,-8.20670743090127,0.622018782965687,1.95234805763535,5.09694552032419
ND,ND,38,51,0.6875,-9.99215980077607,0.40625,0.40625,22.9954402540139,5.6015625,1.1171875,5.7890625,-1.58845421302615,0.2109375,17.481648077266,-31.9825773542477,0.21875,67.522111737209,0.09375,81.2002462887138,0.577592960471065,-0.434527875544019,-2.09148714808815,37.9140187187203,0.265625,-7.25535578727588,0.580183662989535,1.54763911941863,6.34279948139263
ND,ND,41,64,0.4375,-9.55416359919755,0.3828125,0.40625,23.1454315409452,5.890625,0.859375,6.0703125,11.9253064131095,0.21875,17.9120816201932,-31.9692246521026,0.203125,86.9337126540532,0.0546875,85.4193505701689,0.605738876600251,-0.412788311261159,-1.99908971412626,45.8163658464032,0.28125,-8.6721416029613,0.58818740979846,1.67455311306764,6.64275890532513
ND,ND,28,20,0.3515625,-7.18067831376048,0.34375,0.40625,18.9766377361358,5.0625,0.8359375,5.1328125,1.20364659587336,0.2109375,18.3318398957578,-22.1167502556214,0.2734375,40.1356342429326,0.1484375,76.094010326971,0.500208752895507,-0.378395710220407,-1.4065805043833,21.4914444253295,0.234375,-7.2701708086184,0.578579206607957,1.25288518962571,5.25851915744832
ND,ND,28,15,0.375,-7.24865779513338,0.359375,0.359375,18.3328068684559,4.4453125,0.8515625,4.515625,-6.23657477205818,0.1875,17.6704022265663,-19.1330058289111,0.2890625,42.5850624816282,0.1640625,71.1832060204222,0.579954385113067,-0.395392688481637,-1.36791544793663,19.4904335434209,0.21875,-6.92726117173322,0.558767317829453,1.14498430634418,4.39079559537789
ND,ND,31,40,3.2109375,-7.95905623417608,0.3984375,0.375,22.8288891166956,1.171875,3.609375,1.3671875,6.10908524192646,0.1953125,20.1400772825782,-25.2139226303954,0.203125,62.2710784704353,0.09375,77.2717059786584,0.550586199955365,-0.348639664133079,-1.76384512601002,33.37364030944,0.2421875,-3.28386032248331,0.614329348604727,1.49449456718253,4.79654706617899
ND,ND,18,17,0.4609375,-5.50142158600244,0.28125,0.3125,18.9844662615535,4.9921875,0.84375,5.03125,-4.42490709568129,0.140625,18.8317154334241,-20.5397804483679,0.2421875,35.1710707469173,0.1484375,87.0609345690879,0.59652643765262,-0.289785422998363,-1.29339369922674,20.1496405765978,0.1640625,-5.61875066734934,0.58818326524548,1.20530713598393,4.98567010917007
ND,ND,17,13,0.3828125,-5.14942221114933,0.28125,0.2890625,17.5007642114283,6.2734375,0.7734375,6.3046875,12.6201282240147,0.140625,17.3640746299059,-17.5642546810239,0.25,32.3107921904246,0.1328125,80.5339961691647,0.62880694088414,-0.294239848553967,-1.13095105262666,17.6230070203455,0.1875,-5.62803278583348,0.704258999035988,3.21186545648082,9.27017144760329
ND,ND,17,8,0.421875,-8.19227442131784,0.2578125,0.359375,14.7984189322154,4.5859375,0.8671875,4.578125,7.19682640616366,0.1796875,14.7984189322154,-24.2480835902677,0.265625,24.0850111887574,0.125,89.1760227046139,0.625878252673766,-0.55359119503528,-1.58126401106083,13.6043415144993,0.2265625,-6.62329715804249,0.630917359180303,1.7161456764316,5.31108832509267
ND,ND,17,11,0.390625,-9.72644367686927,0.2109375,0.3984375,14.6403030513858,4.6875,0.8515625,4.6328125,2.57242843789345,0.1953125,12.4619002733651,-28.2801477029545,0.265625,24.3593855202191,0.125,115.51642893395,0.60397541735568,-0.664360815669632,-1.76419615882299,14.4242146917739,0.2421875,-7.48132531594451,0.628847976122813,1.75111239189921,5.82420078169597
ND,ND,29,38,0.4609375,-7.44748835917663,0.234375,0.2578125,29.3169118400074,4.9296875,0.75,5,-4.68596626305603,0.125,29.3169118400074,-32.6608965076501,0.1640625,66.1002625198321,0.078125,156.861440849852,0.618794327778802,-0.254033862769045,-1.70955191371247,35.7390737102326,0.1484375,-7.39977571270786,0.687470135053192,1.35767229963944,4.47870750142842
ND,ND,30,32,0.40625,-6.12611049523522,0.3046875,0.28125,24.2688738709923,5.0234375,0.765625,5.1015625,-5.60347770903447,0.1328125,24.1193965147149,-28.4963692723798,0.2265625,57.3853094814583,0.1328125,99.7578974071056,0.644902522917789,-0.252426648545796,-1.52645073730265,30.5391059180446,0.1796875,-7.50563624060407,0.574277193149856,1.22544190283572,4.23302466001012
ND,ND,28,17,1.5859375,-5.30637001029708,0.3515625,0.34375,22.6460963488118,3.5625,1.9765625,3.7109375,-4.73621397977539,0.1875,21.8049440041376,-35.3512798779794,0.203125,36.4624528111734,0.125,79.5092376436876,0.534262862058295,-0.23431720542757,-2.02069620191796,20.2620518108852,0.1796875,-5.74270031820838,0.567474572812534,1.26426733403591,3.48342490606068
ND,ND,35,50,0.5703125,-4.20245113232914,0.5234375,0.375,26.2147682052154,5.515625,1.0078125,5.7890625,-0.609974665198559,0.1875,23.9701695945294,-23.7674766984474,0.25,73.5445925096283,0.1328125,58.1105085851598,0.503752558924191,-0.16030853675422,-1.44854838990766,38.8754505041362,0.171875,-8.04520190473814,0.511931392694382,1.21406654961097,5.78505079968063
ND,ND,37,68,0.5078125,-7.07025710747297,0.4140625,0.375,27.7997261071932,4.3671875,0.90625,4.578125,23.0124182371282,0.1953125,27.7997261071932,-34.5266088265435,0.203125,94.4769114383744,0.0546875,84.2142990844769,0.558649322413409,-0.254328300941192,-1.94241099223853,49.9155443224257,0.21875,-9.95248050730031,0.66830288858397,1.85824431986324,7.02827445982929
ND,ND,34,57,0.5234375,-6.80066130349015,0.4609375,0.4375,22.6319357080211,4.8984375,1,5.109375,-1.06087252737205,0.2265625,22.0484208539482,-27.353346734577,0.25,73.5728337503286,0.1171875,63.8537697876854,0.556499567759746,-0.300489599795032,-1.88178400578922,41.2190617171252,0.21875,-9.23079063797612,0.550996854110225,1.56568146773553,7.48193692991564
ND,ND,31,55,0.3984375,-10.3701650081467,0.359375,0.4296875,22.7804523474906,3.4296875,0.859375,3.53125,14.6352750863024,0.203125,20.3046485702288,-35.2633895591228,0.2578125,64.176990028715,0.1015625,92.2451961200344,0.562162460131923,-0.455222084704962,-2.0486666495313,38.4489650333159,0.3046875,-9.46699836451516,0.557563983427121,2.15317004875979,4.87787761385916
ND,ND,29,50,0.3671875,-12.5257462667449,0.359375,0.421875,20.2661350855508,4,0.828125,4.09375,20.2661350855508,0.1953125,19.8882677554113,-34.7695545861479,0.265625,62.9825760617788,0.0859375,91.2469741976922,0.6469161757521,-0.618062902170004,-2.16088172872455,35.9890919458297,0.3125,-10.5544408501759,0.550496039757991,2.1740182496285,6.17383327694652
ND,ND,30,52,0.3828125,-10.8464520327404,0.3984375,0.4375,20.9295805861932,3.9453125,0.8515625,4.0859375,-3.69949791342799,0.2109375,20.084768279789,-31.6671928087864,0.2578125,62.9381937909445,0.0859375,79.7516112788921,0.593277640461116,-0.51823551781518,-2.0585511554293,37.5016434571918,0.3203125,-10.0975633227788,0.547126583782644,2.26184602121158,4.78580187612734
ND,ND,26,49,0.359375,-6.29929154931427,0.40625,0.3984375,25.7320428754171,5.28125,0.8046875,5.453125,7.67979653245666,0.2109375,14.4889263090951,-22.1009872060014,0.234375,71.9926136828385,0.125,78.8463616608771,0.465476008630431,-0.244803398619091,-1.42613497556548,37.4672524289487,0.265625,-7.02001459298093,0.566758615720774,1.50160536032171,4.74445321906249
ND,ND,25,44,0.359375,-8.42657409386047,0.3359375,0.4296875,18.562395010979,4.0546875,0.828125,4.1015625,-4.02131985061573,0.1796875,17.7713872592682,-30.7388114397917,0.2890625,50.2358036483152,0.171875,80.33925687022,0.62606232521333,-0.453959421124076,-1.8206417014234,32.5157293060774,0.234375,-9.31828531115302,0.59352753212189,1.52070834014772,4.3719695031508
ND,ND,26,44,0.4296875,-8.28331628488292,0.3828125,0.390625,21.2288828008243,3.8828125,0.875,4,21.1926364504101,0.1796875,17.515371540327,-28.8729061718839,0.265625,54.3088497034771,0.140625,77.0930914891944,0.598567160628862,-0.39019087168173,-1.78630935801272,33.8197997903896,0.234375,-8.28636878736423,0.61577241735234,1.55518963092344,4.93591381652458
ND,ND,36,50,0.390625,-8.83500416212753,0.40625,0.4296875,21.5427046445092,3.5859375,0.8515625,3.71875,11.087155494767,0.1875,20.4964286169095,-34.4546640682096,0.2734375,56.0862225238688,0.1640625,74.7758986009518,0.572228402261822,-0.410115828440298,-1.99279223958546,36.5784530144924,0.21875,-9.83337707731873,0.59674451233825,1.54199459002123,4.79666387157547
ND,ND,37,64,0.4609375,-7.55819694607238,0.4296875,0.5,23.1780051443585,4.1484375,0.9921875,4.3046875,-7.46469661839933,0.2578125,22.4001458234901,-26.0792227159325,0.2734375,67.247080906694,0.0703125,71.5315248650028,0.482537338271761,-0.326093505415932,-1.83675866121076,43.0931263064099,0.40625,-9.16139491597752,0.614803903592371,1.95514828942379,6.1469662624208
ND,ND,37,52,0.3984375,-8.577198707038,0.4140625,0.4453125,26.7332402139692,3.890625,0.9140625,4.0078125,12.1092574578057,0.21875,22.5339053099202,-32.1718001888094,0.296875,65.9199649792405,0.1640625,85.2780411677156,0.472216045629775,-0.320843961988418,-2.01970783731192,38.9888340840343,0.25,-10.1516012930532,0.636982500187418,1.89594673685725,5.54225413956228
ND,ND,32,64,0.5390625,-7.90693808708949,0.5703125,0.4609375,21.3655429937566,4.5234375,1.0390625,4.828125,14.0721007242555,0.234375,16.0388616223522,-30.8971054368226,0.265625,95.5896081398598,0.0625,51.3270901143603,0.579271507682216,-0.370078967307315,-1.95192150839839,39.8481081833166,0.3515625,-8.40820553040122,0.580109348407761,1.60455746826109,5.57166661331863
ND,ND,33,81,0.4765625,-6.9162727844289,0.7421875,0.5625,35.289993438092,4.7265625,1.0546875,5.1953125,-4.19715586054084,0.3046875,10.7108285304993,-27.1567225290697,0.2734375,136.40025599692,0.046875,56.867390278765,0.294539994535953,-0.195983963458703,-1.79713260805559,42.5962660483685,0.4921875,-8.39926411467521,0.770973542954798,2.37284166282986,7.88252726913959
ND,ND,34,112,0.4609375,-7.97800121438447,0.765625,0.625,56.3728546391152,5.03125,1.09375,5.5078125,8.06217102748123,0.34375,7.57691341071697,-33.3401055328264,0.2890625,214.185728273688,0.03125,84.0500974413056,0.19320399927412,-0.14152203689981,-2.06680268241829,47.0878742101549,0.4765625,-9.52574200960188,0.725283451804792,2.06874373294535,4.38883488607321
ND,ND,30,41,0.3671875,-10.3778346511836,0.375,0.484375,23.2910595646846,5.109375,0.8671875,5.1640625,-8.88645711363388,0.1796875,22.9966459435813,-37.3203151149426,0.3203125,50.616048101457,0.1484375,89.7837179089819,0.432643625764905,-0.445571598937437,-1.9596825620833,31.6472594900773,0.2578125,-11.0641233862459,0.579994566268677,2.88750123438227,6.97735416054309
ND,ND,29,43,0.3671875,-12.1069757564654,0.3515625,0.4921875,23.4504723374563,4.515625,0.875,4.5390625,9.25233508910433,0.1796875,23.2371097997557,-41.5093512869868,0.328125,48.3614066302437,0.0859375,101.141185689377,0.442771741273392,-0.516278545789779,-2.08934751713367,30.268310065824,0.328125,-11.0488910203127,0.556412377204685,2.21581925404147,4.46566456881552
ND,ND,29,37,0.3984375,-10.2239122803556,0.3828125,0.4453125,26.7368821182518,4.546875,0.9140625,4.5859375,-7.27042022865126,0.171875,26.7368821182518,-47.9022400330422,0.34375,48.7759742407653,0.140625,96.5506465922805,0.437056172795695,-0.382389847669498,-2.19553870920348,29.2471110913858,0.3046875,-11.2811362455616,0.537171768035252,2.25718836565558,4.56910084636955
ND,ND,26,36,0.4609375,-3.31913847443111,0.46875,0.453125,20.0151923199391,5.4765625,0.9375,5.6484375,19.7089569521865,0.1796875,18.3195590658033,-14.1502202192454,0.296875,50.3137299515141,0.1328125,49.7799056946565,0.413639911732795,-0.165830955874682,-0.977858526720377,29.3845111402803,0.25,-5.68318847404579,0.699566580187048,4.64228741765596,9.50236789241577
ND,ND,26,39,0.4921875,-4.5037733491538,0.359375,0.3203125,25.1086692469941,4.4140625,0.8671875,4.5390625,-3.53110775909086,0.140625,24.5986998794994,-23.613035208577,0.234375,52.1211847764202,0.140625,82.399840267542,0.56294764821033,-0.179371248426197,-1.47082008594491,33.0893733659387,0.171875,-7.51919997950144,0.585123653977832,1.30227888640827,5.25627619906174
ND,ND,26,35,0.4140625,-6.92043052679964,0.3046875,0.3984375,25.1103459395195,4.78125,0.8203125,4.8203125,11.107442960237,0.140625,23.4412050726093,-28.5921140532623,0.265625,56.3363450596767,0.1640625,105.126650966381,0.43403947454777,-0.275600764062276,-1.65756672206158,30.4934169254028,0.15625,-8.19105171032711,0.640264536644135,1.59138065828126,6.0794869814051
ND,ND,26,31,0.328125,-8.49471023062137,0.2890625,0.28125,41.36521787337,3.8046875,0.640625,3.890625,39.987583935743,0.109375,39.987583935743,-36.2514738689338,0.203125,77.0073507712907,0.1484375,172.488399927321,0.369208571336049,-0.20535876921103,-1.66984966835095,30.7520809269391,0.109375,-8.73992751887732,0.856893107948912,3.52914930672815,6.47460548475895
ND,ND,26,30,0.3046875,-10.6602068692648,0.265625,0.2890625,30.7409928761315,3.5859375,0.6328125,3.640625,13.0960433929368,0.1171875,27.7773346360415,-33.4994024882539,0.2109375,52.1979862339428,0.1484375,155.863340217962,0.473130241209415,-0.346774969573015,-1.62816526802829,28.8129455030511,0.109375,-8.23291152617611,0.809249371957252,3.59107046444658,6.58869243612005
ND,ND,26,36,0.359375,-7.65578884976069,0.3125,0.34375,28.5676925054192,3.578125,0.71875,3.6796875,-1.333120087359,0.1484375,26.1257095724162,-24.4496993878689,0.2109375,53.8984355178396,0.1328125,115.915140336576,0.430246508700404,-0.267987652426195,-1.48545139621848,32.3909820319653,0.140625,-7.50273796482402,0.735215431641264,3.56391503011053,5.76350669395122
ND,ND,35,42,0.5,-7.84943980258232,0.4453125,0.5390625,20.882533323716,4.4296875,1.09375,4.5625,3.57933671689153,0.28125,19.9409273271058,-21.7088366627838,0.3125,56.9438028796462,0.0859375,64.5209221081787,0.439873874910715,-0.375885419690331,-1.72926654120198,31.5169607621506,0.3046875,-8.53244083272615,0.57076695088034,3.76924619234592,9.26878626617106
ND,ND,32,25,0.3828125,-8.0178574930131,0.453125,0.546875,19.7591979148393,4.5703125,1.015625,4.65625,-5.71765452764055,0.265625,19.4173423444975,-23.6799197196533,0.3671875,40.726081622656,0.21875,61.3010877966397,0.425789049346819,-0.40577848997563,-1.79213521517274,25.1081059624384,0.3125,-9.41488991415964,0.625654168650782,4.28751119366252,9.62032124982648
ND,ND,35,57,0.4765625,-8.98930502904539,0.3828125,0.546875,21.9074897785361,4.796875,1.0546875,4.859375,0.748262881137614,0.2578125,20.5658393698461,-27.6407506757136,0.3203125,60.9936137798238,0.1015625,80.7099945993966,0.45883851380048,-0.410330216739513,-1.98980556434476,37.5603488230406,0.4296875,-8.89396791530429,0.557524226338909,2.36634771598298,4.83272802792567
ND,ND,28,36,0.46875,-5.32464934164178,0.40625,0.3125,25.3003056183841,3.75,0.8515625,3.921875,-1.22444791988715,0.1484375,22.0588162969576,-20.5819358431475,0.234375,58.4331888028785,0.125,75.3845045169867,0.546717458332499,-0.210457906001448,-1.29153270469299,31.6908005648553,0.1875,-6.45304433502038,0.545845238184931,1.43026357242415,4.68635789964479
ND,ND,28,43,0.453125,-5.99768467731167,0.3828125,0.34375,24.4573729644023,3.5,0.84375,3.65625,-3.82797701158039,0.1640625,21.6163830091389,-23.0715876539494,0.2265625,59.0786564799736,0.1171875,79.5560689416203,0.54394089848276,-0.245230126965855,-1.40175865672819,35.3816716036785,0.171875,-7.06125941952147,0.531249214941745,1.40741907422734,4.78269764885066
ND,ND,29,35,0.453125,-6.60022122397593,0.375,0.34375,22.6969632481317,3.0859375,0.8828125,3.203125,8.3018951012128,0.171875,21.6904392407332,-26.2103162390394,0.2578125,59.7053570433301,0.1171875,78.1258252589538,0.59095871288716,-0.290797546430323,-1.52452808632169,31.0465831355939,0.2109375,-7.49688529912312,0.615517662971328,2.58199514387952,6.6970116847323
